{
    "Family":{
        "Q4M1":"Q500",
        "Q4M2":"Q500",
        "Q1M1":"Q250",
        "Q1M2":"Q250",
        "Q3M2":"Q250",
        "Q3M1":"Q250",
        "Q2M1":"Q200",
        "Q2M2":"Q200",
        "Q5M":"Q200"
    },
    "t_f":{
        "Q4M1":0.03092,
        "Q4M2":0.03089,
        "Q1M1":0.016615,
        "Q1M2":0.0166122,
        "Q3M2":0.0167427,
        "Q3M1":0.0170274,
        "Q2M1":0.013541,
        "Q2M2":0.013543,
        "Q5M":0.013535
    },
    "I_s":{
        "Q4M1":546.100000000000023,
        "Q4M2":548.600000000000023,
        "Q1M1":503.399999999999977,
        "Q1M2":500.0,
        "Q3M2":489.199999999999989,
        "Q3M1":485.0,
        "Q2M1":492.300000000000011,
        "Q2M2":492.399999999999977,
        "Q5M":491.800000000000011
    },
    "alpha":{
        "Q4M1":4.608,
        "Q4M2":4.6066,
        "Q1M1":4.6908,
        "Q1M2":4.6907,
        "Q3M2":4.7538,
        "Q3M1":4.7489,
        "Q2M1":4.7486,
        "Q2M2":4.7474,
        "Q5M":4.7472
    },
    "beta":{
        "Q4M1":0.000000255,
        "Q4M2":0.0000003,
        "Q1M1":0.0000001,
        "Q1M2":0.00000016,
        "Q3M2":0.00000015,
        "Q3M1":0.0000097,
        "Q2M1":0.0000001,
        "Q2M2":0.00000009,
        "Q5M":0.00000013
    },
    "delta":{
        "Q4M1":-0.043,
        "Q4M2":-0.0395,
        "Q1M1":-0.024,
        "Q1M2":-0.0325,
        "Q3M2":-0.033,
        "Q3M1":-0.047,
        "Q2M1":-0.0062,
        "Q2M2":-0.0062,
        "Q5M":-0.0061
    },
    "l_mech":{
        "Q4M1":0.5,
        "Q4M2":0.5,
        "Q1M1":0.25,
        "Q1M2":0.25,
        "Q3M2":0.25,
        "Q3M1":0.25,
        "Q2M1":0.2,
        "Q2M2":0.2,
        "Q5M":0.2
    },
    "l_eff":{
        "Q4M1":0.5333,
        "Q4M2":0.5329,
        "Q1M1":0.2856,
        "Q1M2":0.2854,
        "Q3M2":0.2875,
        "Q3M1":0.2923,
        "Q2M1":0.2326,
        "Q2M2":0.2326,
        "Q5M":0.2325
    }
}