{
    "hs4p1d4r":{
        "pos_limit":1,
        "neg_limit":-1,
        "pos_limit_dI":0.0842287684,
        "neg_limit_dI":-0.0844282147
    },
    "hs4p1d5r":{
        "pos_limit":1,
        "neg_limit":-1,
        "pos_limit_dI":0.0894911746,
        "neg_limit_dI":-0.088287595
    },
    "vs2p1d8r":{
        "pos_limit":1,
        "neg_limit":-1,
        "pos_limit_dI":0.1723505744,
        "neg_limit_dI":-0.1721165029
    },
    "vs2p1d2r":{
        "pos_limit":1,
        "neg_limit":-1,
        "pos_limit_dI":0.1763358862,
        "neg_limit_dI":-0.1769627426
    },
    "vs3p1t5r":{
        "pos_limit":1,
        "neg_limit":-1,
        "pos_limit_dI":0.2025221868,
        "neg_limit_dI":-0.2025355533
    },
    "hs4p2d7r":{
        "pos_limit":1,
        "neg_limit":-1,
        "pos_limit_dI":0.0936139322,
        "neg_limit_dI":-0.0942525725
    },
    "vs3p2d3r":{
        "pos_limit":1,
        "neg_limit":-1,
        "pos_limit_dI":0.171636596,
        "neg_limit_dI":-0.1719544284
    },
    "vs2p2d6r":{
        "pos_limit":1,
        "neg_limit":-1,
        "pos_limit_dI":0.1767133727,
        "neg_limit_dI":-0.1773492492
    },
    "vs3p2t8r":{
        "pos_limit":1,
        "neg_limit":-1,
        "pos_limit_dI":0.1882614499,
        "neg_limit_dI":-0.1882311356
    },
    "vs3p1d5r":{
        "pos_limit":1,
        "neg_limit":-1,
        "pos_limit_dI":0.1702787468,
        "neg_limit_dI":-0.1706670382
    },
    "hs4p1t5r":{
        "pos_limit":1,
        "neg_limit":-1,
        "pos_limit_dI":0.0852822954,
        "neg_limit_dI":-0.0846405508
    },
    "vs4p2t6r":{
        "pos_limit":1,
        "neg_limit":-1,
        "pos_limit_dI":0.2710423241,
        "neg_limit_dI":-0.2700368659
    },
    "vs2p1d4r":{
        "pos_limit":1,
        "neg_limit":-1,
        "pos_limit_dI":0.1807697544,
        "neg_limit_dI":-0.1812741143
    },
    "hs4p1d8r":{
        "pos_limit":1,
        "neg_limit":-1,
        "pos_limit_dI":0.0840383762,
        "neg_limit_dI":-0.0839185045
    },
    "vs3p2t4r":{
        "pos_limit":1,
        "neg_limit":-1,
        "pos_limit_dI":0.1944013239,
        "neg_limit_dI":-0.1947885636
    },
    "hs4p1d7r":{
        "pos_limit":1,
        "neg_limit":-1,
        "pos_limit_dI":0.0988414866,
        "neg_limit_dI":-0.0992633768
    },
    "vs4p1t7r":{
        "pos_limit":1,
        "neg_limit":-1,
        "pos_limit_dI":0.4870096275,
        "neg_limit_dI":-0.4863132921
    },
    "hs4p1d1r":{
        "pos_limit":1,
        "neg_limit":-1,
        "pos_limit_dI":0.0726152963,
        "neg_limit_dI":-0.071885123
    },
    "vs2p2d8r":{
        "pos_limit":1,
        "neg_limit":-1,
        "pos_limit_dI":0.1787949034,
        "neg_limit_dI":-0.1793354106
    },
    "vs4p2t1r":{
        "pos_limit":1,
        "neg_limit":-1,
        "pos_limit_dI":0.28334399,
        "neg_limit_dI":-0.2829926442
    },
    "hs1pd8r":{
        "pos_limit":1,
        "neg_limit":-1,
        "pos_limit_dI":0.0557571047,
        "neg_limit_dI":-0.0558117378
    },
    "vs3p2d7r":{
        "pos_limit":1,
        "neg_limit":-1,
        "pos_limit_dI":0.1621870289,
        "neg_limit_dI":-0.1623588986
    },
    "vs2p1t8r":{
        "pos_limit":1,
        "neg_limit":-1,
        "pos_limit_dI":0.189810891,
        "neg_limit_dI":-0.1903914352
    },
    "vs2p2d4r":{
        "pos_limit":1,
        "neg_limit":-1,
        "pos_limit_dI":0.1668684643,
        "neg_limit_dI":-0.1672696437
    },
    "hs4p1t3r":{
        "pos_limit":1,
        "neg_limit":-1,
        "pos_limit_dI":0.0810684446,
        "neg_limit_dI":-0.0812568252
    },
    "vs3p1t7r":{
        "pos_limit":1,
        "neg_limit":-1,
        "pos_limit_dI":0.1875180093,
        "neg_limit_dI":-0.1873877616
    },
    "hs4p2d5r":{
        "pos_limit":1,
        "neg_limit":-1,
        "pos_limit_dI":0.099839872,
        "neg_limit_dI":-0.0989788796
    },
    "hs4p1t1r":{
        "pos_limit":1,
        "neg_limit":-1,
        "pos_limit_dI":0.0861448528,
        "neg_limit_dI":-0.0851714475
    },
    "vs3p2t3r":{
        "pos_limit":1,
        "neg_limit":-1,
        "pos_limit_dI":0.1919427675,
        "neg_limit_dI":-0.1921267933
    },
    "hs4p2d2r":{
        "pos_limit":1,
        "neg_limit":-1,
        "pos_limit_dI":0.0829858697,
        "neg_limit_dI":-0.0833340984
    },
    "hs4p2d1r":{
        "pos_limit":1,
        "neg_limit":-1,
        "pos_limit_dI":0.0751361243,
        "neg_limit_dI":-0.0744003207
    },
    "vs4p1t6r":{
        "pos_limit":1,
        "neg_limit":-1,
        "pos_limit_dI":0.3718063464,
        "neg_limit_dI":-0.3706227266
    },
    "hs1pd7r":{
        "pos_limit":1,
        "neg_limit":-1,
        "pos_limit_dI":0.0741902093,
        "neg_limit_dI":-0.0735299887
    },
    "hs4p2d3r":{
        "pos_limit":1,
        "neg_limit":-1,
        "pos_limit_dI":0.0998590643,
        "neg_limit_dI":-0.0997250977
    },
    "hs4p2t2r":{
        "pos_limit":1,
        "neg_limit":-1,
        "pos_limit_dI":0.0884956103,
        "neg_limit_dI":-0.0885833743
    },
    "vs2p1t2r":{
        "pos_limit":1,
        "neg_limit":-1,
        "pos_limit_dI":0.1862225284,
        "neg_limit_dI":-0.1866095356
    },
    "vs3p2d2r":{
        "pos_limit":1,
        "neg_limit":-1,
        "pos_limit_dI":0.1697461412,
        "neg_limit_dI":-0.1702635186
    },
    "hs1pt6r":{
        "pos_limit":1,
        "neg_limit":-1,
        "pos_limit_dI":0.058911369,
        "neg_limit_dI":-0.0592310569
    },
    "vs2p1t6r":{
        "pos_limit":1,
        "neg_limit":-1,
        "pos_limit_dI":0.1875478709,
        "neg_limit_dI":-0.188092592
    },
    "hs4p2t6r":{
        "pos_limit":1,
        "neg_limit":-1,
        "pos_limit_dI":0.100229929,
        "neg_limit_dI":-0.1012342233
    },
    "vs2p2t2r":{
        "pos_limit":1,
        "neg_limit":-1,
        "pos_limit_dI":0.1780587854,
        "neg_limit_dI":-0.178585092
    },
    "hs1pd6r":{
        "pos_limit":1,
        "neg_limit":-1,
        "pos_limit_dI":0.058991686,
        "neg_limit_dI":-0.0584389964
    },
    "vs2p1t5r":{
        "pos_limit":1,
        "neg_limit":-1,
        "pos_limit_dI":0.1836580605,
        "neg_limit_dI":-0.1844099413
    },
    "vs3p2d5r":{
        "pos_limit":1,
        "neg_limit":-1,
        "pos_limit_dI":0.1710319579,
        "neg_limit_dI":-0.1715959219
    },
    "vs4p1t1r":{
        "pos_limit":1,
        "neg_limit":-1,
        "pos_limit_dI":0.2978846921,
        "neg_limit_dI":-0.2969658726
    },
    "vs3p2t2r":{
        "pos_limit":1,
        "neg_limit":-1,
        "pos_limit_dI":0.1893636358,
        "neg_limit_dI":-0.1897699954
    },
    "hs4p2t4r":{
        "pos_limit":1,
        "neg_limit":-1,
        "pos_limit_dI":0.0873954691,
        "neg_limit_dI":-0.0868235468
    },
    "hs4p1t2r":{
        "pos_limit":1,
        "neg_limit":-1,
        "pos_limit_dI":0.0789120791,
        "neg_limit_dI":-0.078557177
    },
    "vs3p2t7r":{
        "pos_limit":1,
        "neg_limit":-1,
        "pos_limit_dI":0.1854148081,
        "neg_limit_dI":-0.1859223112
    },
    "vs2p1d1r":{
        "pos_limit":1,
        "neg_limit":-1,
        "pos_limit_dI":0.1847678455,
        "neg_limit_dI":-0.1851113623
    },
    "hs4p2t7r":{
        "pos_limit":1,
        "neg_limit":-1,
        "pos_limit_dI":0.0692109825,
        "neg_limit_dI":-0.0689047709
    },
    "vs2p2d2r":{
        "pos_limit":1,
        "neg_limit":-1,
        "pos_limit_dI":0.1705921338,
        "neg_limit_dI":-0.1711185044
    },
    "vs2p1d7r":{
        "pos_limit":1,
        "neg_limit":-1,
        "pos_limit_dI":0.1868607513,
        "neg_limit_dI":-0.1873569776
    },
    "hs1pt1r":{
        "pos_limit":1,
        "neg_limit":-1,
        "pos_limit_dI":0.0599487444,
        "neg_limit_dI":-0.0604414313
    },
    "hs1pd5r":{
        "pos_limit":1,
        "neg_limit":-1,
        "pos_limit_dI":0.0686122054,
        "neg_limit_dI":-0.0691819734
    },
    "vs2p2d5r":{
        "pos_limit":1,